A,C,D,E,F,G,H,I,K,L,M,N,P,Q,R,S,T,V,W,Y
-0.342223833,1.013919977,,,,,,,,,,,,,,,,,,
1.013919977,-0.799861214,1.843994976,,,,,,,,,,,,,,,,,
-0.682073836,1.843994976,1.422861004,2.148001163,,,,,,,,,,,,,,,,
1.45870482,1.843994976,2.148001163,1.200138786,-10,,,,,,,,,,,,,,,
-0.342223833,-0.156005024,0.791857353,-10,0.487851166,1.013919977,,,,,,,,,,,,,,
-0.156005024,0.370063788,2.42300821,2.370063788,1.013919977,-0.799861214,-10,,,,,,,,,,,,,
-10,-10,-10,-10,-10,-10,-10,-10,,,,,,,,,,,,
-1.364147671,-1.481935049,-0.172928181,-1.481935049,-0.008003861,-0.312010048,-10,1.496141112,-0.83807886,,,,,,,,,,,
0.487851166,1.317926164,1.896939399,2.674069975,0.487851166,2.288779819,-10,-0.83807886,0.148001163,-2.114487904,,,,,,,,,,
0.359590491,-2.559272746,-4.255266559,-1.588419092,-2.559272746,-2.559272746,-10,1.797401736,-2.114487904,1.903378346,2.321872436,,,,,,,,,
-3.126858678,-3.770714868,-5.466708681,-10,0.043066323,-3.770714868,-10,2.873141322,-2.29678368,2.321872436,3.902287667,-3.126858678,,,,,,,,
-0.038217646,0.288779819,-1.407213994,-1.325930025,-0.038217646,-2.156005024,-10,-3.563219018,-1.208142647,-2.810334511,-3.126858678,1.317926164,3.195125075,,,,,,,
-2.682073836,-0.156005024,-1.851998837,-1.325930025,-2.682073836,-3.325930025,-10,-5.177928863,-0.682073836,-5.729197748,-4.29678368,3.195125075,5.317926164,4.791857353,,,,,,
-2.682073836,0.674069975,0.148001163,0.674069975,-10,-1.325930025,-10,1.16192114,0.148001163,-0.114487904,2.34707251,1.317926164,4.791857353,-10,1.961782354,,,,,
-3.512148834,-2.156005024,-1.208142647,-2.156005024,-1.512148834,-0.986080023,-10,-4.83807886,-1.512148834,-4.559272746,-5.126858678,2.932636008,6.10256101,1.961782354,3.131707356,1.932783215,,,,
0.762858213,0.81484863,-0.881145183,0.370063788,-0.156005024,-0.799861214,-10,-3.732996814,0.288779819,-1.693353932,-2.600789867,1.783247678,4.183844979,0.288779819,1.932783215,0.81484863,-0.156005024,,,
1.45870482,0.81484863,0.905024409,0.81484863,1.013919977,0.81484863,-10,-0.476934368,-0.156005024,-0.418494091,-3.770714868,-0.407066788,-3.325930025,-3.325930025,-2.986080023,-0.156005024,-0.156005024,1.131707356,,
-0.111269398,-0.54129518,0.487851166,-6.156005024,1.657776167,-0.156005024,-10,0.844525648,-2.682073836,1.055437098,-3.126858678,-1.512148834,-4.682073836,-10,-2.342223833,-1.981079342,1.131707356,6.10256101,-1.512148834,
1.657776167,1.013919977,1.762711007,3.45870482,-10,2.487851166,-10,-2.008003861,2.487851166,-0.944562902,-10,-1.512148834,-0.682073836,-0.682073836,-1.512148834,0.487851166,1.013919977,-1.512148834,0.487851166,0.487851166
0.487851166,0.370063788,0.674069975,-0.156005024,2.183844979,1.200138786,-10,-1.481935049,1.013919977,-1.389347745,-1.126858678,-0.156005024,-0.156005024,-10,-0.54129518,0.709913791,0.601018223,4.487851166,0.487851166,0.370063788
